,UserName,UserPassword,UserEmail
0,heather30,#u#Ffz4c75l6,timothy75@example.com
1,jeffrodriguez,ANO*5ObhNPzl,stevenwheeler@example.com
2,john36,4lD#qGwR$HDA,kingbrittany@example.net
3,davidmartinez,9gLEFzlL@9_A,gomezcindy@example.com
4,robertgonzalez,Y3xljgCs^sQd,hardyanna@example.com
5,timothy33,%K3255UcP&!@,kristine07@example.net
6,taylorkevin,OT)frqGs7R(5,ecastillo@example.com
7,traviscarla,jE(SJsQ+CX21,jermaine78@example.org
8,mayotroy,I5*L&Foe@Ts^,craigjamie@example.net
9,matthew33,_9c9hLyy9suL,xharding@example.org
10,dhernandez,679Rm&ih^uq&,amberlopez@example.net
11,currytanner,T$$*%k&Bdu0H,yvalencia@example.net
12,jzavala,h&3XaSHk$ji6,jimmy90@example.com
13,xscott,j+YEZXubsA2L,sjacobson@example.com
14,dmurray,qi#4ycCo+_2h,dustincarson@example.com
15,hughesmelissa,Zi7P5_kH**3K,melindacoleman@example.net
16,opeterson,xXqCSiar3(5n,troberts@example.com
17,millerstephanie,PUM3KdPmY*0(,cfisher@example.com
18,troyrobertson,CW9!euGA)QsS,jaymccullough@example.net
19,billy07,LG0(Xa^h7DiO,anne12@example.com
20,jacqueline48,Gz12A&R^a%9G,taylorkyle@example.org
21,ramirezdavid,y(k3W^vD$v#a,dpowell@example.org
22,mmeyer,k0WU96ymS#0e,lpatterson@example.org
23,margaretgarcia,wO6%zlL@o0+R,whitejonathan@example.org
24,jasonnoble,zdwFEzjo(5L(,richardcarter@example.org
25,iterrell,lj^M5PXkx@E_,wnorman@example.org
26,osherman,%%XoOMzi7O3J,stephen62@example.net
27,klopez,9kgXWVcm&_m8,jrichards@example.com
28,mary53,x+whc*x#h62M,taylornguyen@example.org
29,kathrynrodriguez,9g6ityOc_u1+,paulfrancis@example.org
30,francisco61,We%0J6gPd^tk,pgraves@example.com
31,frank06,C_asLblgP*7N,laura77@example.com
32,natalie44,jwaOvqSm_56#,michael65@example.org
33,jonespeter,J5&1XFkx!JZ1,pauljohnson@example.org
34,fcook,!K51YTpl(_(l,elizabeth01@example.org
35,mark18,L$7FmNqo&aRu,scott55@example.org
36,rebecca55,WiA*kp0w%81P,seth22@example.com
37,stonelaura,GolaF7)k+jW6,nreyes@example.com
38,burnsamanda,n4)%UejrLk9x,james53@example.org
39,parkkristi,(%LePadt%A5y,seth08@example.net
40,hamiltonlarry,*aT0k8pj_U*F,micheleali@example.net
41,ericallison,&xT%r*#iz)0M,ebarrera@example.org
42,bmeyer,#986w)*Xd*nH,heather67@example.com
43,yvonne80,$AAtev_v$0uU,woodmelissa@example.com
44,jeffreyguerrero,Oi7KALBqJ%Mz,gina93@example.net
45,michael24,Rj7&7#hu4JQL,patrickadams@example.com
46,dharper,O(0ZYpgk@0OO,rlogan@example.com
47,aanderson,r#5uh)em_CEt,richardsangela@example.org
48,hross,fkN5FnL+9h#r,tina71@example.com
49,mlopez,8nW&b+Tp_cwZ,dthompson@example.org
50,shannon52,Wmx+vlfck4jP,michaelalvarez@example.org
51,alisonhall,%d%^yfKq_h5J,nicholasgray@example.com
52,cburch,yuPtWxZb*3Az,dale75@example.org
53,michael34,rGC4TFTx#B1G,fhuber@example.com
54,christian08,88wAyVaG_0ZC,ronalddaniels@example.net
55,gdean,DEd0TZOre%c5,megan65@example.net
56,howemichael,eAa8Ewv!(0aN,jesserojas@example.org
57,andrew44,@4ObbDI$tG9j,xburns@example.org
58,kylie46,TxH(K5EqVps9,lmccormick@example.org
59,kevincooper,$#kAZKcHhs8+,kyletodd@example.net
60,adambutler,#1(Kty6o9A1W,rachel02@example.org
61,jennifer71,Zo&w0G0h^ov!,patricia43@example.org
62,jacksonjoshua,r&%4&XudgrN#,pfrederick@example.org
63,elizabethlopez,^S2J_Nuz6mJZ,ianpierce@example.org
64,sarah55,L_tYyYm@Mp48,diana28@example.net
65,marcberger,n!A0T5mC+f3H,allenvictoria@example.net
66,kimheather,%6Z(8KpIt7H0,martinrose@example.com
67,scott45,wy25L1nj&^jM,shawfrank@example.org
68,garciaryan,V9#LaYsqyzG6,kennedyeric@example.com
69,blake36,!vORJ!%5$8OY,paige72@example.net
70,sandra50,u!7JYEetE&3p,perryalexis@example.net
71,vshelton,W*#AIJxRVK+4,jessicaanderson@example.org
72,ramirezronald,%F5f8iPy8vtV,ashleyvillarreal@example.net
73,victoria93,h)J0IwPiWs_f,william18@example.net
74,inicholson,sJpK+@O+!9jo,callahanheather@example.org
75,stewartkenneth,qaIhTeIz#6*5,david02@example.org
76,oblair,io&MrSjQ%0mL,taylorshaun@example.org
77,john53,#fg81vwj2VLv,millerkatelyn@example.com
78,april19,6NFfrv)H@Gu7,henrykenneth@example.net
79,pjohnson,9pT5CZmP_+9f,shelby79@example.com
80,bwilliams,rR0Fo^+uiZ#d,hcook@example.net
81,amanda66,d%tmn#!F%46D,melinda12@example.com
82,vhawkins,j$CxwOZn%JR3,cardenasluis@example.com
83,walkerangel,8oP3E5hY^I1#,zramirez@example.com
84,fmartin,ZK8RXkCsT$hQ,vcarr@example.org
85,cortiz,HvxX09P9^4K&,johnroy@example.net
86,jason79,aZKJ1A3a!6#e,crobbins@example.com
87,pterrell,3K&jNfh!x_Of,paynecarmen@example.com
88,cortezkelsey,T335s(Wy&0g%,gail66@example.com
89,wrightbenjamin,8%Ay(ACtyj88,martinezroy@example.net
90,cynthiabyrd,)RHtYvct3D0K,jyoung@example.com
91,brucebrittney,5(W0r&D_&Kc(,michael49@example.org
92,anna56,ur5$m&JW^7Fc,gibsonraymond@example.org
93,andrewsteele,NF+#5IEiD3!f,joanneprice@example.net
94,john19,^gGE*2tBk5dM,alvarezallison@example.org
95,kristinawilson,#S576mJyw#la,kenneth45@example.org
96,crystalkoch,@0RCyc7r_aUv,fcortez@example.org
97,kellerbrandi,S#MaAGju!0XX,vegahenry@example.org
98,phillipwalker,9r^moCCg+9Lx,rodriguezpatrick@example.net
99,desireewilson,Hz$ay1Lell*7,timothyhancock@example.net
100,toninichols,%k5RFX(cgQhx,greerkatherine@example.com
101,jcastillo,%9hX$eb*cxRJ,mholloway@example.net
102,amanda09,_0baVIugqRjN,cookjason@example.org
103,andrewharris,4k4MDVrQy(%q,cflores@example.com
104,barbercolin,H_lHn(hmDs0P,kvang@example.com
105,chenkara,^6FRGeyYiVWo,fgray@example.com
106,connie16,S)8o@MXvrRn+,cperez@example.org
107,kylie91,c+!BZ#sdHs4d,jacobsamanda@example.com
108,durantravis,t7VF5Tjd&897,sandra21@example.org
109,melissa02,$L9ILUHs!jgo,sharonsmith@example.com
110,timothy95,0zeDZz9b2D7_,amanda67@example.org
111,ayalachristine,l^A3Ujn)WZ84,andrea30@example.com
112,andrew96,orKdTnVy$Q%8,cooksean@example.com
113,nedwards,T@TqH0+l(a4g,ocowan@example.org
114,nphelps,$QbIMfyprD6X,jonathan14@example.net
115,heatherstephens,W+hIxJdk6)8A,janet49@example.net
116,wbrown,K&7vpibfG6Fz,palmerrandy@example.com
117,tylerwhite,6@osrV0x+Yb7,torresjennifer@example.net
118,brandon04,jUOQ0Zj2&X2D,karina13@example.net
119,hgould,B&Mdpgck2Fz5,clarkalexandria@example.net
120,adam54,FR5J!u^t*3O&,knappclinton@example.com
121,paul01,+FrZ6!kVWQ9Q,tuckermorgan@example.com
122,handerson,r(@bW9rViT35,lwang@example.com
123,oferguson,4gL3JCoZ%)K5,jeffery25@example.net
124,stephenmorrison,8tg9uVRgImU@,brewerbarbara@example.net
125,idawson,%2W**l9MCJYi,byrdrachel@example.net
126,joanna25,G0NfyJsm^54%,annolsen@example.com
127,huffbrittany,175+Od^B^IjB,qcarroll@example.org
128,tracy88,CpVLVenH_99_,griffinashley@example.net
129,qbrewer,_Z+_bNz6+8%3,patricia17@example.com
130,rebeccaclark,&W7H%IWmn33b,ubell@example.com
131,hkeith,__2E7Aqj3A^2,stephaniecain@example.com
132,monicahendrix,#1K3FYy5c^q&,nnelson@example.org
133,kristinsmith,KZ^ZZCEy#2X!,michael38@example.net
134,sarahkane,c1Oh45EdAl@d,bentonjessica@example.net
135,mitchellroberto,H9UCtUCojQ1!,lfoster@example.com
136,martinlarsen,80xGCBh&6d^$,kevinthompson@example.org
137,hwood,r3jN!FPv%pcS,jeremy13@example.org
138,michaelnguyen,JjYaPPrq+33k,dhodges@example.net
139,michael11,f8^Vmn@I#lZk,gcurtis@example.com
140,rjohnson,(0sKJM+qPCZk,knguyen@example.net
141,zporter,@^@6NPFza1lx,ashleyhughes@example.org
142,bfischer,$v2y(vwQG8LO,ann15@example.com
143,markfarmer,$b3WUl#OL$ba,john58@example.net
144,robinramos,9imxJn%N$01F,mendezmichelle@example.org
145,jeremybridges,Up0OT4OLx^6L,ujohnson@example.net
146,rcarrillo,tqgRXHckE*7l,lauren06@example.com
147,pamelabradley,L1OJ&gJ5_Nvu,stevenmurillo@example.org
148,marcusvincent,P@d3K*RgEEb9,madeline03@example.org
149,gadams,)QGj2n0k5dF7,larryhooper@example.com
150,castromichelle,*^*L^PGq8ez3,toddgarcia@example.net
151,leeelizabeth,QqUrHdhd^!0),rhonda60@example.org
152,andreabowman,99XgP950_@Bc,allenclifford@example.com
153,xmolina,QJ_1^nUt(P%r,elijahmoore@example.com
154,emily70,aPATa9Yq@0A(,dakota83@example.net
155,torressheila,!4hVCP0TGVQt,juan80@example.org
156,williamjimenez,^(LMKhq@lb1j,joshua98@example.com
157,mcannon,Mhd5NsAM!A&9,stevenherring@example.org
158,baxterjoshua,@w4I)IdvTH4g,jessica33@example.net
159,rcase,3Q%IHiWz*mjR,benjaminrobinson@example.org
160,samanthacooper,W5RuUqb%*nyK,dominguezchristine@example.net
161,ckaiser,#7Inxl3c(E9*,keith58@example.com
162,stephensdanielle,r&c0+JpzUkUs,michaellopez@example.com
163,sandrahoffman,%Q%*xmEMEa7K,cohenthomas@example.com
164,rduncan,q$e6+1Nq8dB&,hsandoval@example.com
165,walkerkaren,+9q%9et(Gw1X,geoffreyhester@example.net
166,mjenkins,#42K4Lj7Cr8x,joseph16@example.org
167,amay,)u9av2ozc*yS,elizabeth88@example.net
168,hurleyalan,hk+2TDw14M@l,racheljames@example.net
169,rubiojustin,Ej1^NrRs*7l0,kristenfrederick@example.com
170,stacey33,@77nlYF#s2D$,douglasadrian@example.net
171,frodgers,6b9DdpF9*eXD,jonathangiles@example.com
172,frenchwhitney,4pTWQKH6%D@L,shannon51@example.net
173,sandrafoster,c!&63aIi$$09,stephanie07@example.net
174,wileymatthew,Z(7wAX$e@YLS,eric17@example.org
175,anna69,tJD4V1S4@89f,phansen@example.net
176,mark80,@Kp^hom06RRc,jasonguzman@example.com
177,wilsonmike,4VAmcV*R(19n,jpeck@example.org
178,stephaniebrown,OUy1J*2gw&S(,jonathan19@example.com
179,betty40,^a_4Pl6X)3G1,groberts@example.net
180,qgarcia,PDQ#0FzT&4&J,dillonfisher@example.net
181,gboyd,ErpQLvnW(q9W,fkim@example.com
182,alexandra89,qi&80QoN^aAA,karen25@example.net
183,darlenestephens,(3CJz8naixp$,kelseysmith@example.org
184,gary12,10b6umGzy#HS,sellersjeffrey@example.com
185,dmoore,e5I$tYS9@q#n,qgallegos@example.net
186,jennifer40,Jk9SQ3Xjk$3c,lindsay09@example.com
187,istone,u7vYwVL!^Njq,christinaashley@example.net
188,mckenziepaul,AV6CFmzYo%v6,iarmstrong@example.net
189,simpsonmatthew,sV$0Q4fqrm3B,jbrown@example.org
190,matthew97,+ufh1UVrMFRs,sarah96@example.com
191,carolynchen,UK3akMFeoO+l,russell40@example.org
192,bthompson,(z2fHcehDtBg,robin02@example.com
193,vincent46,*D(sDImo^*9I,dkerr@example.com
194,josephschmidt,lq0WaMX8G!Ox,scottwarren@example.com
195,amanda34,2R#DD6Bz)R$Z,davisshannon@example.com
196,kimberlyhuff,4uaH)lA8&+4M,bradley91@example.net
197,idoyle,a1pC)i!&$(!J,gary19@example.net
198,lawsondeborah,#wCCd@Ji4W&#,andrew81@example.com
199,karen92,lL3v%)no&O@Z,jasmine45@example.net
200,pricemorgan,N&3YXrpzf#$V,rrodriguez@example.com
201,jennifercastillo,p_vI8WQvQn9*,karenross@example.org
202,robinsonjennifer,z%Q)3wQExy4J,zdavidson@example.com
203,marcia45,G@rOATdx&2D(,acastillo@example.net
204,stewartcaroline,+*h23Qp(xG&^,luis38@example.org
205,carlosmitchell,(6yRSGn(Rymm,pholden@example.com
206,pacevedo,+Q8%&6@s+$@h,jasoncastillo@example.com
207,smithkimberly,P%j9Kgp5vEr#,robertowens@example.net
208,suttontom,iiIXoI8c^76V,salasthomas@example.net
209,christopher18,CRTw^p5u3pp!,maldonadojohn@example.org
210,phillipsjames,%!I0MQxfi8t2,maciasalyssa@example.com
211,watsondevin,49Ow3qJ(!BKB,andrew16@example.org
212,sarah57,$N16@Cedt3@5,istevens@example.net
213,mary77,QkjU4P6i^&4w,bcontreras@example.net
214,brett51,$Av6&suB0vQ5,wclay@example.com
215,audreysharp,i_7T1@nt!d7W,christopher24@example.org
216,keithhester,)1Ic(wAN5n*V,dawn12@example.com
217,rabbott,d!5$ivqzLFIR,waltermclaughlin@example.org
218,timothyspears,vd7(DtRY6+T!,waterspeter@example.org
219,lindseykatrina,+ftTs2SyLPoh,mollysnyder@example.net
220,bethanygray,^*38&Wse+&gb,william66@example.net
221,tanya07,YYuPii*Mb92_,rossangela@example.com
222,vbowers,f)LZ7bEe6Ol6,virginiamiller@example.net
223,robert54,^NJN3TDxZ89K,qtorres@example.net
224,dyoung,e7ZoscIK%YTv,josephweaver@example.com
225,brenda85,V0G+OVav*d^5,vnewton@example.org
226,ijohnson,v&kC(vpZ@K9u,yolanda88@example.org
227,ogonzalez,@_9LQoof6fEj,lallen@example.net
228,meganbryant,&MzHIg%RT8DG,lewislauren@example.net
229,xadams,VhvA^jqP!7QC,jessicamccoy@example.net
230,johnsonsarah,0TLkKyRK_44Y,gordoncindy@example.org
231,xjenkins,C3Gz&Uck$EjP,michelelopez@example.com
232,leachsamuel,M#3M7BaL%n)P,heatherrocha@example.org
233,joshua61,f7#uzTdNX$CZ,julia37@example.org
234,janet51,23X*xHEd&x7J,matthew12@example.net
235,hartmankenneth,*lo%r8rCv8cV,mossmary@example.net
236,juliearcher,*F4DSBh1J4)1,fperez@example.org
237,tracychavez,6DNsc*eo$aY9,robin93@example.com
238,thomas16,S9tJUPRd%KQR,davilamario@example.com
239,carrricardo,60SHw&(_@WIm,michaelsingh@example.org
240,andrew85,!%57fvm4_jKY,jamesserrano@example.com
241,richardwalker,P6%N5EOeERyT,wthompson@example.org
242,nrodriguez,evlK6wSlo&9&,gjensen@example.org
243,stevejohnson,@dVjtgl!0fR(,allisonsergio@example.net
244,ryan56,7lL@4rwn$02L,lauren61@example.net
245,gloria10,_t1DoA#oOz1m,douglas69@example.com
246,zachary43,&A72KEf4#jun,mnavarro@example.net
247,lbarrett,!17w7igCBFMK,christineweeks@example.org
248,ronaldsantiago,@EJngBNgM&47,roberta06@example.org
249,ehull,tO^CjOZi_SY7,spencerjeremiah@example.org
250,allenamber,oQ0ij*&W0^CM,adamellis@example.net
251,ncardenas,2WWVp3L7^ATt,nicholasdennis@example.org
252,hillbreanna,Zn28C@OWj!sh,marycollins@example.org
253,sanchezpatricia,c@H+8_Vk!Wb(,tracy13@example.com
254,bryan97,#iHh6iTb(*2w,williamshenry@example.net
255,vthompson,0_Q&GLSk!7rX,anthonybright@example.org
256,wrightamy,(7m!V0&u(0yU,rodriguezwesley@example.com
257,joseph46,#@_icXFzvT6Y,jason54@example.org
258,delgadosergio,u3vwG8bh+Twb,piercesue@example.com
259,jenniferwallace,kG8HnAw4^&(y,nwilliams@example.net
260,natashareynolds,$aaY5EFkyd8o,michael81@example.org
261,lisarussell,rTfTHk&%y*1E,jesse30@example.com
262,monicajones,%mH54ohc$8)(,jwilliams@example.net
263,angiewilliams,17^39ZMmqWyM,woodjacob@example.com
264,williambaldwin,315fCmGv!3&N,briannewman@example.net
265,david49,Z6YUX)su)R8!,ashleyrhodes@example.com
266,cindywright,@&OlGMVl8h9K,shannonbrewer@example.org
267,fgallegos,$7V@fTVdBpfi,jacquelinekelly@example.net
268,markroberts,qT&X4YfmTkIT,lozanojennifer@example.org
269,rreid,XgmLGwHqs%0g,hudsonscott@example.org
270,wallacemary,q3B1tebO+hxU,brenda34@example.org
271,qhowell,$+Q8N*v(BBPN,nicholas83@example.net
272,qfisher,+4nYC&#4xSBe,whitelinda@example.net
273,brandon13,LFM1hL7e@WVN,pachecorachel@example.com
274,murphylisa,^#R61R1xqkxr,teresastein@example.com
275,shawnbeltran,g+^Nd899Od9I,makayla67@example.net
276,john29,20yBiEtF$O2B,hdean@example.com
277,fweaver,_3ZavD@5&*lh,simstanya@example.com
278,leemisty,4(jAXDf%ST9A,rreynolds@example.net
279,chavezrobert,x8)CQJn2hv8j,hollymartinez@example.net
280,brittneybrock,tL7PCEyT^ING,lgrant@example.org
281,brianmarshall,3QKIj0q4&YQz,pauldavis@example.net
282,francisco44,HT8tk!5RR#2S,barbara99@example.org
283,carmencaldwell,ue0fEA_a)p6V,sandersmichael@example.net
284,smithmark,4(_p8foVYZ8X,david05@example.com
285,morgan32,+(Dy&KfhwX73,gutierrezsarah@example.net
286,dbutler,J^Bxjupk1r4M,ydavis@example.org
287,boonecameron,#k4fSll+5JH3,curtisnelson@example.org
288,popedanielle,G$%hn32An+1H,michaeljohnson@example.net
289,salazarbrandon,Y2Sb9pzv+jbL,manuelhernandez@example.net
290,thomas18,^JXHes**42G^,debra05@example.org
291,fordvincent,f+H^5PtXOEf7,gaustin@example.net
292,kellybrown,GDuOT)as2_Q8,jeremysanders@example.net
293,harriseric,lpB1S^Ysw(X$,cathylewis@example.com
294,toni56,%O4yZ+gK@PC4,hodgeashley@example.net
295,brownrodney,CQOpH6u1L)3p,vwatkins@example.com
296,melissa85,#0IRmIc@()%K,jenniferramos@example.net
297,washingtonkathryn,$7k*mZ!sZHC!,brian86@example.com
298,rhouse,#wJd!XBId7pN,hoodjessica@example.net
299,jeremyjones,(qg#Tu$L)7QD,dustin77@example.net
300,hendersonphillip,wPh3yKCh@29^,fullertaylor@example.com
301,paigewillis,tWG*ILo%(xf9,johnny86@example.net
302,tsmith,x$6@M&hzUQ0H,rspence@example.com
303,ebrennan,^5)koEyqAhYI,simpsoneric@example.com
304,calebvasquez,QAZ2wHu1E)dj,yford@example.org
305,david39,#9IDLIQuPLOj,silvajeremy@example.com
306,bernardwendy,Vs086$Tw#(1$,samanthajones@example.com
307,gwalter,^9DHZf%xv!#B,nicholaswhite@example.net
308,james25,c8CsOJu7%)GQ,stevencook@example.org
309,donaldjensen,9Lse(zVx+1B%,davidperry@example.org
310,mallorybarnett,^u2kAs6_H4jO,grantamy@example.net
311,figueroamadeline,P2A1bXIK!RmA,robert11@example.com
312,zgriffin,$Y4XD$Lo!Qd(,hbennett@example.com
313,scox,4%w9dMsw@Uci,crobertson@example.net
314,sean51,7j&I0I4N&(j9,fwright@example.net
315,chaselewis,5*euUF+y+g4H,dwilson@example.net
316,meaganrichard,M)Q@%v9rg8tN,kking@example.net
317,kevinschroeder,uA+dzPhD%3^2,sschmidt@example.com
318,ycox,M(@TW#!wntO4,jamesbeck@example.org
319,brentdunn,_3qOnX+u39A6,imason@example.org
320,edwardmartin,$ag2##sOK3Ib,qmatthews@example.org
321,laurenwood,4mO*oo%HL*3E,ocohen@example.net
322,kirkdavid,*O28OubiA&@Y,madisonbutler@example.org
323,qferguson,&6Rcg_DYGJ3B,qwebb@example.com
324,leonardjeffrey,!!wBg3eM$h4$,dsmith@example.com
325,riveraholly,VC8ZnXsQ1(8O,kevin96@example.net
326,brittany33,V_7mr8whUY2q,teresaknox@example.com
327,shawndougherty,!^2p$^8scKcM,crichardson@example.net
328,bakerjennifer,ohgQZghkR*!7,karengordon@example.org
329,smithnicole,h_u4We63EOio,anthonywood@example.net
330,fpatrick,e+*@MzDgN+7M,rachel00@example.org
331,kimberlydrake,+JG+Ivvm2E8u,kylewood@example.net
332,wallerautumn,@sBXFyHk)iP9,laurie30@example.org
333,omatthews,PL4pfm*f@!BY,andreawood@example.com
334,schmidttyler,_$7DBf5QP+M&,vtanner@example.org
335,yolandareynolds,a&HX3#Ono&UQ,kathleenwright@example.com
336,tim10,eGA_&EtB#1li,qlawson@example.org
337,qellis,o($AqQWLo^3U,diane45@example.com
338,janet99,@t^UcISe8wyJ,barbara66@example.net
339,jamesweiss,^6Pgz!Ix&L#9,randallchristopher@example.net
340,emartin,ncYo9VTt#rd1,fmartinez@example.org
341,arroyostephanie,%18roIpn9lWS,melendezwilliam@example.com
342,pittsmichele,$8@UmJsw#r@n,dustinkoch@example.com
343,nguyenkenneth,CGGBhmGi&X0s,dustinmartinez@example.net
344,bhill,&YsO^Z4od361,patricia56@example.net
345,rachael15,O)RsrY4m$(0A,youngpaul@example.com
346,jerry07,(PK3aCLIVF_J,clarkechristopher@example.org
347,moodyshannon,ra#Eq9H9c#T5,bthomas@example.org
348,stephaniechavez,S(qdTXn4&K3g,barry05@example.com
349,candace18,z68#rm0OCcZX,powellrebecca@example.net
350,owenssamantha,R(B1mMrcAi&^,tammy23@example.net
351,nguerra,K*3*OzTzFBFa,eharvey@example.org
352,evansmarcia,XAoEdm$i#*J1,garzatroy@example.net
353,harrissara,d95NNqNQGnS!,floresabigail@example.net
354,mmyers,$4jccJtX*$9T,danielbarry@example.org
355,beltrantina,hnA5KDrXJD&I,brendajones@example.com
356,ddonovan,)VLPIqrv3KCp,savannah97@example.net
357,perryrobert,&vom2A2ryku5,travismiller@example.com
358,tanyataylor,3&!68Rjw7$Z*,theresa66@example.net
359,csteele,4)_LDi)pnk8_,morganderek@example.net
360,hartmelanie,9LE0FgeMh_$3,asullivan@example.com
361,robert18,!A^!BbeXH#C7,rachelallen@example.net
362,crystal21,!vh7NdZA4sHp,saralarsen@example.org
363,sarah24,p!hD*sVPI#3^,syates@example.net
364,jennifer18,@jCP7TMO4pMt,stevensonkimberly@example.com
365,austin14,FT0y(Grfn#Hu,xlong@example.com
366,connie14,k+0MJl!E8oj5,hwhite@example.net
367,kfisher,53%$(7PyLU(T,iharrington@example.net
368,justin03,Q+hAvlMXsl0k,ruizcindy@example.org
369,ruth87,%%D9kS+feb&u,jasminhendricks@example.com
370,michellewright,6j5Sh%qXi&IT,lisa79@example.org
371,michael43,U$VO8L1Z(3po,zunigaannette@example.org
372,codyhansen,%4vTyomtIBZG,livingstonelizabeth@example.net
373,theresaatkins,pu4m+bnaa$IE,sarah99@example.net
374,denniskim,(bg6Dp_er@b%,josephbowman@example.net
375,christopherfarrell,V+81M$SzJ()S,andrewsteele@example.net
376,hamptonrichard,$m11qLdl%ETF,lauren27@example.org
377,jeffreyrodriguez,L%Va6Wzm%6x^,mmorales@example.org
378,david48,!CrTo2OxnqUd,cheryl49@example.com
379,santiagokaren,3mJ8lkCY&bE@,jorgekennedy@example.org
380,gbrown,)7HO%X2a5UiK,elizabeth23@example.org
381,phillipgentry,0G438*e__&&9,amandaandrews@example.net
382,ngarcia,Q*6@Nff_ge^S,russell76@example.org
383,julialopez,8rLkModsb@4X,xlogan@example.org
384,amberbrown,%9b&nplv$Z^N,fgaines@example.com
385,hernandezerin,)42(0RqCcr(n,shermanronnie@example.org
386,cramos,Md26kYw7(2_6,qhughes@example.net
387,wcunningham,F!7W&GXvO+yK,susanperry@example.com
388,kennedysusan,7T2Rc9zq(uH%,georgejeffrey@example.net
389,gregoryrowe,%2JN3eenm^Ql,wyattthomas@example.com
390,kmann,p$8AY4_%*zho,michael98@example.org
391,heatherhernandez,hLA*0xHaI1BL,anthonylawrence@example.org
392,sandra69,dyiPx%BD984(,csantos@example.com
393,xmeyer,)lELCSNpt7aN,probinson@example.org
394,robert29,+4E)A#c*iEAd,angelawilliamson@example.com
395,pricestephanie,(0lCWbSjvl8e,kcohen@example.org
396,williambenjamin,^LKH#o&op9f5,cesarcross@example.org
397,zbanks,11&_JNyK_CyG,jeffreyryan@example.net
398,barbara36,_ev8hsAzf6ZU,henryjonathan@example.org
399,watsonvalerie,uoAN8YRk^i$M,jonathan38@example.com
400,fowlerdanielle,eo8Tv&gmJ&su,jonathanruiz@example.org
401,gsexton,w8xJbBdT%*7B,matthewmeyer@example.net
402,zwelch,L#U!6Mi3Tafb,rodneykemp@example.net
403,gardnersteven,&BNK!9e44l6F,qhall@example.net
404,melissastevens,_i7_&eRzkK3Q,kathrynneal@example.net
405,johnathanfranklin,4JkMl@&g&#UQ,christopherclark@example.org
406,jessicaburns,!5*1pQbu#LI3,rodneysharp@example.net
407,danielle44,)2tN!#yuVldh,warnerkathy@example.org
408,rroach,XMuEfV!AP$5Y,jessica02@example.com
409,vbecker,Pe#m#&z(_6J0,zgraham@example.net
410,awilliams,+77BtQQhQ@%(,cramirez@example.org
411,ylopez,!9QdXn1g#)kT,brandonstrickland@example.com
412,nicole91,#R5T*1vq9U%W,derrick21@example.org
413,milleramy,dU6i2SuMG&qs,qstone@example.com
414,smithcourtney,#1FpcyPm^Lun,kthomas@example.org
415,whitesteven,_(T8pca%1@lM,jpeters@example.net
416,rossharold,%14Wo_QsWIJu,derek50@example.net
417,thompsonronald,$WG!gk&qK9vL,turnerjason@example.com
418,mcguireanthony,&vkgcK!Gj0Hb,randy54@example.com
419,tuckererica,3mKrWhv@+@a1,brownroberta@example.org
420,olewis,#0^c6EW^cPQp,adamgarcia@example.net
421,bmelton,_NfPHp!KE9hA,richardsonchristopher@example.com
422,bradleydavis,B^Uegfttjk1Y,mcdonaldjacob@example.org
423,lisa26,$3YXujGvn86H,agreen@example.net
424,donaldgardner,9%5LVLBs*u1a,karenmcguire@example.com
425,miguel68,AxYqFWvRt!#1,ncampbell@example.org
426,wolfmaurice,qgsMavkq^7Hk,cynthia11@example.net
427,hodgeslaurie,V(A!YS5yI&07,bowmantroy@example.net
428,jo01,l_+3Ov4al^88,shane38@example.com
429,tylerpratt,dx9oUaBcc%0u,michael65@example.com
430,nicholas44,(Xae5pZcN!0^,katie60@example.net
431,rebeccafletcher,*e_5rUyVGHqv,briannasmith@example.com
432,alopez,%1)_eM9+UhDG,davistommy@example.com
433,grahamcynthia,)3h+55V5KfLo,craigford@example.org
434,pgay,8NP7WPtF%I#2,rserrano@example.com
435,mcgeeamy,%!aXh%20@Hm5,nolanmatthew@example.com
436,andrew81,9)CkEhna*Dh8,stevensjulie@example.org
437,zwallace,XXP0LRz7_4Ne,wangashley@example.com
438,ryang,*zrE@^bv0aZ^,bobbynelson@example.com
439,abigail96,^vVZDy3mW4qr,odiaz@example.com
440,browncameron,yyE$W6BH0@76,stephanieedwards@example.net
441,jamiejohnson,*2(gahI30+nZ,amy19@example.com
442,qmorales,t+7g6Hs%8t3!,xestrada@example.org
443,kevincampbell,3#!9WYWhtg84,kcontreras@example.com
444,icastro,%nVJoltVt3rN,bishopjohn@example.net
445,rtaylor,0^d+!e(WC1Yx,john93@example.net
446,jenniferhudson,*7YEacNtdV+z,grahamevan@example.com
447,brian56,0oK7E!Kur^ZO,hammondterrance@example.org
448,quinnevan,*_C1e8m^5X9O,orrjacob@example.net
449,timothyross,!g1WCmtvI+np,uortiz@example.org
450,ijones,4&N73Jtfb^8T,aguilarkevin@example.net
451,lauren04,&XDsF1O0JV5n,ashley81@example.com
452,alanhood,Bo1*0#CE7FId,kyleharper@example.org
453,morgancolin,MWO5aCm@E*i3,tanyahill@example.org
454,austinamanda,l#_EAU2dt#C2,garciacharles@example.org
455,paulahall,HIyGBInv^jN2,shelly43@example.org
456,alvarezvanessa,AK5p*BeQ&p9k,dixonrussell@example.org
457,reginaldwhite,&7a&3g^sWQBJ,meganherrera@example.org
458,stephanie82,L$6DXYHzGRN9,opatel@example.com
459,powellstephanie,k2fmMHYpp*7Q,castilloann@example.net
460,tdunn,(&DSCZt5c3!u,manderson@example.net
461,lauramartinez,&26pAmTp2o!d,jasminemcgee@example.com
462,christopher71,#2C%huvu@tW!,carlaschmidt@example.com
463,laura84,(BC^mA6tk7V4,ewilliams@example.org
464,hvargas,H@))QWb!USQ9,lburns@example.org
465,amy75,QoBUD(x)(1RA,juliegardner@example.org
466,ipayne,w@ZqOjKqi40X,rebecca51@example.org
467,shelby51,d+RQmRt0jT3G,aoliver@example.com
468,michelle15,G5RzH63^^LYH,johnpham@example.net
469,mullendebra,x_76Lf80)mSB,kristy78@example.com
470,corey23,Tg8fbpy*1&WN,jacob90@example.net
471,teresadelgado,yTDXJnkkJ$l5,leekimberly@example.com
472,stacy03,%jPxDUIo24il,ktaylor@example.org
473,jeffrey60,bO+VEvjZvV16,micheal87@example.org
474,smithstephen,6Gtr0yfr&8VB,hudsonsteven@example.net
475,lindsaymendez,%h+B!Mwbc7J@,james82@example.com
476,williamsmatthew,)JyS@+yyj8Re,douglasamber@example.com
477,baldwinamy,krP+HGuTu_70,tracyfox@example.org
478,linsara,a(ma4PsBH1B$,rkelly@example.net
479,heather61,FF3XcEw333+C,alexandernelson@example.net
480,wrightjeremiah,Zm6YSuUHt_+B,jeannemorrison@example.com
481,howardmichael,mJ$MVuip*WS6,christinebell@example.org
482,bgraham,^A1QBkMbh3K7,smiller@example.org
483,atkinsonmaria,9u8dgSRn#+A6,joseph34@example.com
484,daniel42,+KWQGAVe02ZH,david49@example.org
485,chandlerheather,YQP#jgYY3*3K,vlewis@example.net
486,kingchristopher,#O!O5x9LBi9W,carterstephanie@example.net
487,leonamy,@0v4Uln@nrRe,marymills@example.org
488,traci06,#1eCXetihzNd,dayhector@example.net
489,xhickman,MT0%QTil_%Si,christina36@example.com
490,burnscarrie,_9o1_Bmjy$F0,sancheztimothy@example.com
491,anthony96,#ytDrQ^AJ^6z,joelmorales@example.org
492,hprice,&M$tP9AbiI2j,barajasnancy@example.org
493,colemanmakayla,_1JmQYdPNLsB,jonathanjones@example.com
494,rebeccairwin,$3axJ1fL#rkH,archerjeff@example.net
495,jbautista,+O7KdP_q)azY,claudia88@example.org
496,dlogan,*f_31Pl*_KId,briannaelliott@example.org
497,scottbrittany,fnsUy4Y^^3Rq,wendyanderson@example.org
498,asmith,nj9TzVZl^1ck,alexander65@example.org
499,oferrell,++K08luQvA6Y,lcooper@example.org
500,brittanycarter,_640dHUwo$^Q,jenniferrice@example.com
501,curtis68,T^EFG^&rid2X,kimberlypena@example.com
502,james88,8T9&Iqe*NpfW,vturner@example.net
503,vaughanlisa,89DAqVwg%HmH,zhoward@example.net
504,barronsheila,*Kv(kaBa4l3e,usutton@example.org
505,emiller,_$Xc0%ldwG3p,hernandezlisa@example.com
506,jonesveronica,A+0cBmXrm1B4,heidi04@example.net
507,greensarah,^6SlpnQYm3kN,mmartin@example.net
508,huntertimothy,$yuKONCG56^v,aprilthompson@example.org
509,watkinsalan,C$U8%V#i$2OX,tmoore@example.com
510,steven81,0q!rSSA&*4CU,ywhite@example.org
511,heather53,$KaS$mSZuX8D,denise45@example.net
512,andrewdeleon,!kV7GS*lc&Z(,james57@example.net
513,ashleylee,06bAN5w)^Qh3,phendricks@example.org
514,desireevalencia,KG4kCaav$l98,gdeleon@example.net
515,samuelgutierrez,*oT)4oOa@s6n,crawfordlinda@example.com
516,ryan15,9rU3mQYyS^lq,vlewis@example.com
517,kmcdonald,%8MlISHoo6O9,natalie95@example.com
518,david50,e7QR^0EqOJ)u,williamdickerson@example.com
519,adamsashley,mo65AtH+%81_,barrettbrittney@example.net
520,carrie29,(@FMbDQ^39WC,craigjohnson@example.com
521,ldavis,&ws4cO8jihfO,travis14@example.net
522,williamriddle,&7j8J7lmEoLz,nealnicholas@example.net
523,michealharris,C5k9lOce&&kF,jerry14@example.net
524,halljordan,_4JvB^l0!2hr,dave58@example.org
525,omedina,yyI+pkhj@93h,adamjones@example.org
526,nicolewilson,*NiE_yKmt22x,sclark@example.com
527,dglover,#$Q7a+Aeewru,criley@example.net
528,melissacoleman,#iDG_acUj8PF,lindajordan@example.net
529,jenkinssusan,PM0RIXu0gt#u,harttimothy@example.com
530,gibsonandrew,)K0%n4CxyJBo,william28@example.com
531,peggy75,+maxEURWT9%3,james41@example.com
532,hintonstacey,ANP_r9ewS4Bw,sarah91@example.org
533,douglas78,%s6Roa_VE3$0,xcooke@example.com
534,bobby69,)MWX(9eg86_h,christian18@example.com
535,jvaughn,ixN)HlQjN8tM,nancy20@example.org
536,wilsonbeverly,)0RvjfspIobt,peggy41@example.com
537,zwright,*wWw+tJ5((3L,fosterjessica@example.net
538,carrie44,^5p$d4lohXD),bradleysmith@example.com
539,fieldswilliam,gtXIo2bf!289,justinhamilton@example.net
540,michaelanderson,55TC)4rz&z3l,richardsalbert@example.org
541,martinharold,v5vJcR3H$qJu,hernandezpatrick@example.net
542,changchristopher,r!UB_oLe&g1w,rebeccawebb@example.org
543,davidfritz,Gpa6UkAe!F#e,kristinahernandez@example.com
544,lisaalvarez,m57UaJ^eI)YM,lbecker@example.com
545,janicecarey,g7dUZSrY#ok_,david37@example.org
546,carlacervantes,K#*Mlg8u23d(,thomas73@example.org
547,flemingbrian,i*MdG^d(3C_9,cameron33@example.net
548,pbailey,+A9JYuzhuOpA,hillcynthia@example.org
549,figueroamelissa,6nl6L@TW&3Uv,brewerangela@example.net
550,gallaghertravis,$Y1tJ8@q!A$^,bellcolleen@example.org
551,erin57,^9$1%kOXQH8Z,alanmathis@example.net
552,rvasquez,#Bh7MTniK$ep,xsmith@example.com
553,wmiller,M!2VDZJqOsfA,jaredbaxter@example.org
554,aporter,(1!*MV6y_wQf,larrycollins@example.net
555,craig51,#ZnJXCAmF5I$,sarahcoffey@example.net
556,jharrison,ai4KSSjO(%V(,gli@example.org
557,jaime18,+XD%kkdmH5Rq,melissadelgado@example.com
558,davidholmes,*OT#z8tlh!D5,schneideramanda@example.com
559,johnsontyler,JaJNF&Vh&9u4,linda36@example.com
560,joy14,$r_MQGfvfC04,waltersashley@example.org
561,iparker,^VD48Jnk_W&y,krystaldavis@example.com
562,heidimartin,^x3t&aQ5!XO(,mjones@example.org
563,crystalvasquez,Mpj86Hd_b$72,matthew67@example.net
564,johnsonjennifer,o#3Kpy6dOE%K,welchdavid@example.com
565,debbie63,1$AVeGOp%iAx,davidsmith@example.org
566,lindamartinez,(QaLjOHjF^7r,rhonda23@example.net
567,lisa61,I$3G_Q8npXIO,timothy57@example.net
568,huntstephen,8olI8L+$k%Hy,oforbes@example.org
569,baileymatthew,$8YhK*Am&Dji,darryl88@example.com
570,reillymelanie,v%_Sf6MibFNt,randyrhodes@example.net
571,john84,@1P_LkVIn5us,wbryant@example.net
572,randyjohnson,+IKn2*@o_d7O,vanessa16@example.org
573,guzmanbonnie,JHSjkxgE^81X,timothydaniels@example.org
574,vsutton,lG9t8gr3ydA$,jdaniel@example.com
575,dhutchinson,P5QRY*o7)3WN,roger34@example.com
576,simmonsheather,#qwvtmWRd1RP,christopherbrown@example.org
577,dkramer,Ai_0OVXxR63x,ilewis@example.org
578,harrisbecky,u9T@qtif!4F),qmckenzie@example.org
579,popewilliam,O5H5NPlr@#4W,jennifer08@example.net
580,qramirez,FshIAs5f$ap5,ryan65@example.net
581,krobbins,^bKBd_HxE5Tf,anthonymiller@example.com
582,vmassey,xe3YAuR+b(FR,jamescurry@example.org
583,michellebrowning,(Y^*5FvoVa#2,susanlawrence@example.net
584,qvaughan,%+XJEuphg25D,leslie57@example.com
585,jmosley,VFHMLKeDf^I1,aaronchang@example.net
586,omeyer,#exTrw!^5m3I,qmacdonald@example.org
587,erin67,u@t$IdKz*es9,nicolegallagher@example.com
588,gbyrd,b%Iro5Zfm_8f,mariabaker@example.net
589,ohoover,^5Gg(4Ql*ReJ,ricky15@example.com
590,rodriguezdanny,xy2Hrbxc^@h&,angelaphillips@example.net
591,hamiltonstephanie,bgo%K)xtXMm4,samuel87@example.com
592,ttaylor,Q2!^eyU71o6V,amanda51@example.org
593,hernandezpeter,RQ%4Qow$O_I^,millerlevi@example.org
594,wilsonsharon,L!6NbalYP)K@,mhodges@example.org
595,wgonzalez,vm53HVqb9No&,michaellarson@example.net
596,jonesjeremiah,&+(Oh4qP$+5E,dawnsmith@example.org
597,jennifergonzalez,(9Gx#bhL+huN,clarkbrooke@example.com
598,brianmccann,6s8GV@#A*bRn,lisarichardson@example.org
599,cherylharding,_yMkYXBv*2#f,laura78@example.net
600,alvarezjody,pl(NXpZubZ5X,lisapowell@example.com
601,davisrachel,5*H!M9JuDHD!,heidihurst@example.org
602,joseph32,4#au2ALuEJR6,hopkinsamber@example.net
603,madams,&I$6Mkby3)BR,brownlaura@example.org
604,zvasquez,%g(v9&J!G5qU,justinmiller@example.org
605,kellygray,q_z@d#gc@H6E,courtney54@example.org
606,stewartjessica,J8zHSKvo1!k2,smithgloria@example.net
607,lsullivan,6p(27&Io+Jwr,kreid@example.net
608,smeyer,Ck8Ko#GWa_0_,egray@example.net
609,jessicarobinson,$s&7@MfaP75#,rebeccasharp@example.org
610,nicholascalderon,@KLc9&TeBv&O,richardstimothy@example.net
611,vgriffith,xOdWzJv+P!k6,sherry56@example.net
612,elizabethsanchez,Q$IbaBxZ#1#*,katherineibarra@example.net
613,nicole74,))$IIZOj)9W5,robert89@example.net
614,herreramary,0VIlY4Mkv*_K,alexanderbrewer@example.net
615,bhoward,m3O8TufZxAc^,jamescruz@example.com
616,juanmarquez,D)0K8$BngojD,chadvaldez@example.net
617,sbaker,hPgkemXb^7R&,melissaelliott@example.net
618,jaredhendricks,a_2)jyDad&yx,nathan83@example.org
619,bthomas,B1iV##u*&jJk,henryhess@example.com
620,inelson,f^A3zpXt%5Rt,juanjackson@example.com
621,moniqueholland,_2TdovZwJ$rH,stevensonvincent@example.org
622,trevor04,eg8OWVbH$kjA,janet26@example.org
623,joan75,$*jaZrvvdH21,ogoodman@example.net
624,vaughansarah,rLvW*Sx(*92@,wpena@example.net
625,ghernandez,!2Hh&$x@jOKO,brittney86@example.org
626,charlesjohnson,&2dd2WTe*Q!l,sarahmills@example.org
627,tlopez,M4BqTtiKG4E@,madison16@example.com
628,pachecosharon,HDO0NH9v!3fe,hmolina@example.com
629,laurie36,*4@2hOQxp$uX,rroberts@example.net
630,sandyray,O@LU8zOseb5n,hughesjohn@example.com
631,mcmahonlori,Yp4h9WgMM*8R,alison65@example.net
632,alexandersusan,F$2B&nj%v#pR,jonescharles@example.com
633,zmarquez,d8xDDf^%%7V8,promero@example.org
634,thompsonanthony,$fIu3&ds81sT,khardin@example.com
635,seanmoore,#68$@Ppi5Zpx,anthonywagner@example.net
636,elainehenderson,+D@rrdY9eQ6C,dawn44@example.com
637,iwaller,l)L6BUveLefw,farleychristopher@example.net
638,yherrera,&O4Z9lQrX^*8,mossbrian@example.com
639,willistravis,_EX_k43o47_#,victoria96@example.com
640,sabrina68,@7bPsEDpPn!2,jespinoza@example.org
641,mortonsharon,K4+Rqosv#*M&,christopherbray@example.org
642,kevinhensley,A0lYs5B@*^5e,harriswilliam@example.net
643,lindsayjones,d8&Td^8b($OW,meganhicks@example.com
644,monroejoshua,8I)7Wg**)CfX,ssmith@example.net
645,qharrington,!7sZpHUjFf7h,staffordrobin@example.net
646,bowmanclayton,G5!cE)r&@Y6$,juan93@example.net
647,wallerchristopher,+0dSpp*fs2dP,adrian92@example.com
648,joeljohnson,57Vi84vN%Nrr,stephenjohnson@example.net
649,lindaphelps,ZVy^nNtz&c4k,danielle@example.org
650,sjuarez,%$6h3N9B8JD6,emily67@example.com
651,daniel72,L$MhBqbZ3X68,benitezdwayne@example.com
652,carolyn21,mFNg9KpaB^3S,adkinswilliam@example.org
653,mitchellgordon,N#37lsF0lWxG,jillvelasquez@example.com
654,jmcknight,dM3gLy$o*@bj,paul57@example.com
655,whitechad,d!q$h7W5QwHr,clayton14@example.com
656,pshah,b4&vuC4Y*rRv,fletcherkari@example.org
657,emily50,0+3waYH_qwpB,lmckinney@example.net
658,hrichmond,ti&mM65kGOp9,shafferjessica@example.org
659,dhunter,$j+))hSi)5vV,shammond@example.com
660,sjohnson,fL1Rtyt+EK6!,hudsonjustin@example.com
661,cookhunter,QM6#fOmu8U^U,thompsonheather@example.org
662,kim99,j6ZTHPuh(MvI,lbutler@example.com
663,wrightedgar,^VaBUG0qdv2K,xdavis@example.net
664,johnsonvictor,adv1zHyj#oGN,brandondeleon@example.org
665,ramirezkyle,l7Vup#ep@kOb,gregoryle@example.com
666,cooperwilliam,idt6OaXh%^69,markturner@example.com
667,amymccall,8&k*FtWk+YBe,ibuchanan@example.net
668,nicholstodd,Yy03!ELHa(gY,allison10@example.com
669,ryan36,+81O(5AiVUG+,jrodgers@example.org
670,hayden89,*t0LXTfK_Qzi,amanda78@example.org
671,laura42,ejXKvlgG&5K1,schultzjanet@example.org
672,matthewking,oP_2DT(rLIh1,travis67@example.org
673,yvonne57,rl8sJLhq7!g1,ryanchristina@example.com
674,george45,#YXQo*_gWQ3c,christopher82@example.org
675,ginamerritt,*6s!WOAh9g54,brian70@example.com
676,tylerwoodard,_Sr3AHyy!ofn,lynn34@example.com
677,martin09,Y*(E4EEy6L%L,awilliams@example.net
678,wleblanc,tk@3YTsvqa&k,franciscomaldonado@example.com
679,derrickwood,tx%K4tCz#&#3,lydia39@example.net
680,kelly33,6$$W8Js1Dw5a,michael23@example.com
681,hcarroll,#CmwMb)Qmg+8,blankenshipmichelle@example.com
682,penningtonelizabeth,m4+^4uGK)cn6,melaniechen@example.org
683,hardyheather,0f9XteVM+BDG,zroberts@example.com
684,rebeccamooney,N4rdoP3U_0YI,joneal@example.net
685,moorenicholas,!4SfXym^_02W,drobertson@example.com
686,troyriddle,3Sdrr+R*&9bH,jerome06@example.org
687,nicole19,a!&T1viVEl6),ydelacruz@example.org
688,kelly75,Pn(pqE(b*B1O,andrea27@example.org
689,elizabeth99,_3Ch9Cq@e+7%,phelpsmelinda@example.com
690,tkelly,K5K8*OZz+G0Y,adrian23@example.com
691,manuelsmall,p@wWT0+mF$67,sheenafreeman@example.net
692,kimberlytucker,1#8Q%8Ye5$9K,nicholasruiz@example.org
693,daviesdeanna,dePO_WQ(P!2d,victoria39@example.com
694,catherinemartinez,e9XGT4Y9&Qq!,petersongabriel@example.net
695,bjones,$v0PC3zcmpPy,thomascynthia@example.org
696,hughesjustin,Pm6@KDaNw+Dd,sarabailey@example.net
697,ellenneal,gA!9Sdxl6(@8,jillbarnes@example.com
698,hayesdenise,Xi4AsIm+G&8a,timothy98@example.org
699,garciajodi,LvI+0Eb1PZDB,hlambert@example.org
700,anthony93,L55XqEkHp5^p,fwilliams@example.com
701,james53,^0n9+R^s2%QP,edwardcrane@example.net
702,michael42,I6A2*6S6)^le,golson@example.com
703,smithsamantha,)3Rz(SgS(p3&,lhawkins@example.net
704,gmaldonado,HUD2ZWwh*dYg,pruittdavid@example.net
705,vanderson,T6t1Szm9*vJj,sjones@example.net
706,duransarah,_#tKBmjawA0M,serranobradley@example.com
707,kramerjerry,&w966lKh@6*E,alexandracastro@example.org
708,youngmatthew,JpqnISQw@#9%,cynthia07@example.net
709,dgonzales,LDst)2eg3*m6,karen59@example.org
710,rachel67,caU02MNB$UdR,joshuacannon@example.org
711,marcus21,wc2Qmw4$3*9d,iwilliams@example.com
712,jason58,bln$yB!j3(t0,wcooley@example.net
713,fjohnson,50RlDvur^p1j,jacob64@example.net
714,yfernandez,w6^%m_$pJ62K,aliciahicks@example.net
715,edwardsveronica,T0&qTKwk)L%9,adamcalderon@example.net
716,diazbenjamin,nEP#wPu1N4mn,tiffany41@example.net
717,uortiz,EL4ZHuxg%(oc,awallace@example.org
718,iguzman,U&VTNOli0%30,amartinez@example.net
719,cburns,e2x!n6V3_M7P,kristen29@example.com
720,marcusmedina,%2EwbX(A)!Ec,debra69@example.net
721,ynolan,&5HNkStDM%9@,heather26@example.net
722,wramirez,v!1j99u_^HrX,kerrjesus@example.org
723,gabriellemccoy,Ci*^xGkswgd9,smithjoshua@example.net
724,davidmorales,D&u29mQcrvnU,joshuamorrison@example.net
725,shepherddan,wcN2XCkh)k#y,aaronkelly@example.com
726,currydaniel,v&6v#bAb$v0J,jonathanmoore@example.net
727,harrismichelle,63F7TPz$@w@r,scotttrevor@example.com
728,fmills,zYWJgTyJ*t1G,joshua62@example.org
729,michaelgiles,HW6MfqU3+9J),elizabethturner@example.com
730,suzanne87,cxVeNo$q%9PK,juan25@example.net
731,erica75,iFZ3zxsV(y+C,kristina43@example.com
732,andersontony,F9lv3*Fz%kOi,jacqueline43@example.com
733,illoyd,#io2WjkKX#gU,fgarcia@example.net
734,maryhansen,sLUT)U&zr#(4,gregory51@example.org
735,garciajade,Tua#6Qfu%0GS,jthornton@example.org
736,jrodriguez,T8IZm^%s#jDl,martin93@example.net
737,joseph03,9D)@$DXn&n2x,ethanpena@example.net
738,ronald23,!JqQOVmfyR49,phillip35@example.org
739,john01,A93Wf)YY(rfw,dgriffith@example.org
740,cgonzalez,^eI6Ap%dpgb6,joshua78@example.com
741,nancyrodriguez,^)ZZVxj7*4W%,barreraheather@example.com
742,uwilliams,n^Ag8YOa6jW&,millsnicole@example.org
743,schultzscott,LBV(ztonO#1S,jordanhendricks@example.org
744,david00,7pS%Fpi3^ZN9,kevin51@example.net
745,isilva,u^2(_$p*x20M,tracycook@example.net
746,danielcunningham,*5BQvm7W4MN(,vegajeremy@example.net
747,jacobmartinez,WD$jDxd3nw94,millersydney@example.net
748,adavis,#1D@oN_efhI#,kevinreyes@example.org
749,tzimmerman,$ZS0kTbB5n^E,james25@example.net
750,ktorres,!4gUZRLvd8mP,kyle22@example.com
751,melanieclark,Msd6COgO+7%7,rachelbaldwin@example.net
752,lori75,Wdb*F%XygjD9,ronald18@example.org
753,knappdavid,(0xoLhibrimC,bjohns@example.com
754,barbarasmith,$!ARaM(e8K8B,buckleydana@example.org
755,obarnes,I@L_6iTtiH2_,gregoryfisher@example.net
756,leah70,i)$vlLHs+dk5,jessicarhodes@example.com
757,qhernandez,t11@HomoO&H^,csmith@example.net
758,stacy64,!TXQfSk_H1LE,john29@example.org
759,erogers,C_Th_7Bn!AI^,rbenson@example.net
760,wsutton,n1#Mfosf@jM7,abigailspencer@example.net
761,leonard50,%1TGOVRx!M!m,suttonjames@example.com
762,icollins,w&1lB+l0++%F,gina89@example.com
763,marvinmiller,6OGiFu*6+1@8,egomez@example.com
764,thompsonjessica,C8PgIKzu(yGY,scarter@example.com
765,davidroberts,$ly5Vgg6ty*4,wgriffin@example.org
766,marysuarez,qM2A(bsY+z1%,esolomon@example.org
767,christopherhardy,%UHI09_vf49u,udelacruz@example.net
768,david08,SJc+R1Ek$NnZ,scottstephanie@example.net
769,stewartamanda,&Q*8AnkyBaqs,hbailey@example.com
770,david27,+kT&yO$vn2#E,foxcharles@example.org
771,cynthia72,^+VWnvofk6TB,allenerin@example.org
772,riosjay,m7A3eAW2^N5V,amiller@example.com
773,davidpeterson,cu5bchSzMw$2,laura52@example.net
774,jeffreyarmstrong,+Av3#O(oM0h7,josephortega@example.com
775,jacobsemily,2hbdqD$MR)3),serranomatthew@example.org
776,richardgordon,^6T1ZUfXVbZw,deannacline@example.org
777,raymcdonald,+)s1dP0w6Z6B,romanoscar@example.org
778,jasonanderson,)6J25EvPWpl5,yfrench@example.com
779,emilycook,9eyZMv6x^YGy,alyssa10@example.com
780,tevans,!7BHU^cF&ckY,esantos@example.net
781,prhodes,HJlGWc2q9!^5,stephaniewest@example.net
782,ltaylor,Q^0$M%hjp@U5,teresa08@example.net
783,veronica04,+5444Ba4J3Pv,cabrerajennifer@example.net
784,ospencer,G$pMOmQh5P5L,andersondaniel@example.com
785,barnescraig,*B#T0Jq+6ct6,eddie15@example.org
786,kylegardner,K*CN1AzfaQ74,ellenhernandez@example.net
787,karengill,rvA1RR9V)#qh,jonesdeanna@example.com
788,ljones,_HluDenp1KqU,collierpaula@example.com
789,vharris,POj^61XbaQi^,mary28@example.org
790,jsloan,@^9PR98bq!6i,andrea43@example.org
791,paul19,c_2$Ahte8nwX,davidmorgan@example.net
792,sosaelizabeth,9!HUEriq+6V^,barrettdean@example.net
793,mary51,benLqV8r_26^,pnelson@example.com
794,mdaniels,dI4hQ1ym&E!Q,anthony96@example.com
795,kanejames,5a6i48Qu&Ri1,tgutierrez@example.net
796,jasonjohnson,ym_YYcmK+7C3,garciabrian@example.com
797,daleingram,W1nRLcxo0WD*,pward@example.com
798,lauren99,+shxT53vZE2H,stephensonandrew@example.com
799,parkerjason,TJtSOPp!y%9&,jean22@example.net
800,keithpeters,+0ny12KxNThZ,balllance@example.net
801,csimpson,W1OI$qhx#tB*,rodriguezrichard@example.com
802,wernermatthew,!yLYufZ#236X,wrogers@example.com
803,amylopez,09e_Dmhh^RDk,ffoley@example.org
804,bryanmay,*cWFPtnp8OUU,shannon35@example.org
805,bonniesmith,_k$z4NCn49zN,james04@example.com
806,morenocharles,M1c@71JaPcJK,amanda24@example.org
807,ubrown,i)i5jMNj$0@&,etorres@example.net
808,aaron57,(h1CKtjoR4ws,deannaconley@example.org
809,manuel03,+RW8+ZwdfoAg,marymanning@example.net
810,sarah33,)3FbQRCj)8hE,gmeadows@example.org
811,chrisgarcia,a)m74*PgLpSw,glucas@example.net
812,christianthompson,zm5B3vFc$^qQ,kayla20@example.com
813,ogibson,tb44I_p0r(H3,manuel74@example.com
814,gstevenson,b!pj7T*j58#5,carmenrodriguez@example.net
815,mariahood,SJu(u#SeLI29,branditrevino@example.com
816,sonyavelasquez,jEVOfu^F&4Wo,terry56@example.com
817,slopez,u$_W0PxPljwS,lhawkins@example.org
818,michael58,P)4AyItrW*$C,katherine00@example.com
819,kyleschultz,y*41z1BZTlyK,willistyler@example.com
820,carlosmyers,hm)%ZWSho)T5,bcompton@example.org
821,virginia91,hb9*!nrYlg4N,amanda85@example.com
822,isaiahatkins,!m%7POzIlxo0,chelsea11@example.net
823,hburns,MAJ#1ZmlwoGb,meghan39@example.net
824,jeremy65,)21aI5b)U3tW,monicajimenez@example.org
825,thompsonmaria,*&Jz9pPnrh+7,harrisdaniel@example.net
826,kingdenise,q(6E8cX9Wir4,bradleyhopkins@example.org
827,elizabeth64,oed1wCj_%rVK,ureyes@example.com
828,kathytrujillo,^3DAOkfg66K4,toni87@example.net
829,samanthafreeman,hP6Wq2gT+r(M,nperez@example.com
830,masonjeffrey,$AA3DIScT6T$,nvargas@example.com
831,pattonjustin,C!eBxPq8cW6N,mckeejason@example.org
832,hughesnorman,E29d)kp(%SK6,mday@example.com
833,hollandisaac,roQD!ox)J^1C,jeremy36@example.com
834,cmartin,4YJHwOVb7o(+,johnsonwilliam@example.org
835,knelson,*xDyaEsj4)d0,candace17@example.org
836,george71,%UB&pRnlsR0Z,qcummings@example.com
837,fjordan,F&e5X5kmUlU0,ymassey@example.com
838,xwright,X_3^4sSw$y+I,sarah90@example.org
839,mikayla98,^99a5MgjU844,ronaldsims@example.com
840,chood,r)fQQmpwgm1t,david05@example.org
841,christopher53,Ii2X)jceC&A@,ohudson@example.net
842,daniellerodriguez,N3%2KOus4jb2,moonryan@example.org
843,bateskathleen,^8DsmUxpSnBm,bwilliamson@example.com
844,jordanlisa,m!B9nQEy6a26,allenaudrey@example.com
845,kevinmendez,#6OKI(omN7f1,umoody@example.org
846,gina80,%M0daW+jiQFu,billy83@example.com
847,cynthiareid,BH+4%Nq@6+^v,imartinez@example.org
848,olsonclaudia,zMu46UubR%2!,xstevens@example.org
849,devin43,^7oWIXTc()G$,smyers@example.org
850,parsonsmatthew,W$2@E_&hI)&G,bethanyporter@example.com
851,cynthia81,x4MLAp4u$$ke,ashleymurray@example.net
852,leealejandro,_^4Q0CghY(Q1,tina31@example.com
853,shelbymorales,3ly_gjDy!Xr1,morgansylvia@example.com
854,weekskara,$kHV&U7wqV60,thomaswendy@example.com
855,hmarshall,6V2(XAg$ksz7,david92@example.com
856,johnsonmichael,T%8Rh1wwmbi7,danielsbreanna@example.org
857,kristinasullivan,#NBlVfZpy#4D,jenkinsrachel@example.org
858,rebecca58,Sz$CWrzc$5K0,kmclean@example.com
859,dianemeadows,4me6Dmxj(^2B,jaime84@example.com
860,snyderjeanette,S*9ODB1p(+St,richard27@example.org
861,hansonjudy,(#4W1fP9rz1s,david26@example.org
862,mwalter,xi9#O%t8+6UH,joseph08@example.org
863,gpark,ej+lqS&dR#0q,edwardbranch@example.net
864,hannanicole,$l42L5YUx_9N,gshah@example.com
865,maria06,Co0JKnyn+gJ$,kimberlyalexander@example.net
866,fferguson,&SYOGrrw$1Q1,maryjackson@example.org
867,upratt,*AdWvn$iw1L(,alanwarren@example.net
868,laura63,Xd#C1TLtY3Av,daltonsanchez@example.com
869,valenciachristopher,ZQ%7sJdeUF&&,sharonoconnor@example.com
870,ericagarcia,SDY+DDzs3n!7,keith21@example.net
871,griffinjoseph,GRv1X6r%k^0n,ftran@example.com
872,jennifer48,*CwRvBubZ2j*,christopher65@example.com
873,whitejanice,#e!WvT_xz1&S,aaroncaldwell@example.net
874,ricenancy,Khp716Vm*Yw0,jeanettebarr@example.net
875,vhogan,L7*K55Ms^gQO,brandy90@example.com
876,braunjeremy,*k!6Og&hpL$l,rfitzgerald@example.com
877,davisjoseph,$(4UKFWsZo9x,yjohnson@example.org
878,loritrujillo,T7C%0xcv(Ha$,beth69@example.com
879,xjackson,jqY5MV0oLs)5,andrew05@example.net
880,larry60,^^fsbv)d73Oi,simmonsleah@example.com
881,carl84,uJzsvsMg&6zC,timothygilbert@example.com
882,ryan45,!l1RvvXu2XkI,angelawilliams@example.net
883,powelladam,$AeKtPCJH(4Q,zbryan@example.net
884,acostaamanda,_#B3DjKl*$Wf,thomasshawn@example.org
885,robert24,b_o6xIgzb*Ai,paulsmith@example.net
886,trevinomichael,&1LDeqxAs$4(,petersnicole@example.org
887,mark52,#%y1bAhW7LoZ,bellis@example.org
888,melvin98,E)k$2Ux^J9K#,matthew88@example.org
889,reidwilliam,^eenlQPp04$Q,jacobochoa@example.com
890,gabrielking,!sZ)Js5v&h7L,jesse69@example.net
891,dpatton,Gt0AcpE0&3Ep,travis33@example.net
892,pblackburn,_KT8e!yLIYFs,aberry@example.net
893,cervantesjessica,#k%ISBqu4SU4,jamiewallace@example.net
894,thomasjackson,_7R1Z%pjlTSA,imoore@example.com
895,mayhannah,vakl3ZhBU(#*,kathleenhoward@example.org
896,davisryan,n12vKPjZ%9%*,lisa12@example.net
897,hayley00,x(oEQ(aR*7jt,jose62@example.org
898,ricejames,s3s*zNJS+sMK,henryjonathan@example.com
899,jenkinstroy,Hu!LZ$M+H@7$,kgomez@example.net
900,reeveskristen,@56BbASC)QVk,zgardner@example.com
901,gabriellamiller,s#6)Buov9@Nu,timothy84@example.com
902,malloryclark,*8JIKIxoMxnX,kmartinez@example.net
903,haleyanita,+17l0nUgwiW^,beth85@example.net
904,christian32,(jFj8K7G3rsR,zmartin@example.org
905,sfox,Ul^*KXkMGwB5,ewilliams@example.org
906,laurengarcia,#0nXg@drHS2l,baileyheather@example.com
907,browndakota,x*MhCIPxOg6),sbailey@example.org
908,pbrown,)5mdA0xKy850,andrewsmith@example.org
909,rebeccameadows,@O3Qpvzz&pje,hudsonmichael@example.com
910,cooperteresa,_%e8F#u9@4z(,yorkleslie@example.org
911,eugene53,gEA+3ArxKl(Q,mitchellmegan@example.org
912,shermansteven,@_6bYyILq92),scottwaters@example.net
913,jon49,*4GXh1V_Qqjt,shepardpenny@example.net
914,christensenerica,ZdK3FXo$+(6#,kelseyhall@example.net
915,christina55,w+6XiJ1u_hZG,clarkemarilyn@example.org
916,powelldavid,!yoMsQzXvF4r,jesse05@example.org
917,marygaines,iKd23wUoyt$q,brownfelicia@example.net
918,ashley24,40@x(mYy%o_K,mzimmerman@example.net
919,manningdana,N(J6huGgwLnD,jefffischer@example.net
920,james96,W6&N2OgZ^0@p,millernicholas@example.org
921,beckerkevin,Mnb@9M)co$8Y,julieconley@example.com
922,bmccall,fXk%Ho@gkbl2,stephenhood@example.com
923,jacob63,DEPMZpHfr*0l,juan82@example.com
924,matthew10,HV0BTd(c_P!4,jaredschwartz@example.com
925,bradshawcesar,0x8b(Z2j&CY*,james61@example.org
926,alexisnichols,Op&8Kh+&fa5f,stevenvance@example.org
927,courtney60,#dshCkgfqf6R,armstrongsarah@example.com
928,jacob50,M29YTla1gL%V,bishopjessica@example.net
929,oconnornathan,omTuY5Gr5n&1,rochahannah@example.org
930,jensenjohn,++@*sHygUO2f,msampson@example.net
931,danielelizabeth,t&yhuEz8#W4Z,rcrane@example.com
932,jessicaanthony,@WJzTmRAo0W8,codygonzalez@example.org
933,ryan20,++TMRgBt%tj9,butlerlaura@example.com
934,ernestmolina,pSoS1QwgUr%*,ireed@example.net
935,sara15,#7hPey6bvIQq,rshaw@example.com
936,choover,^M9T7m*45*AR,gcohen@example.net
937,robert69,uR4xZRx4^K)0,woodsronald@example.com
938,patrickbryant,(1N6IdExyQlz,ltaylor@example.net
939,jamie71,*ps8X#Ey+awN,lisahall@example.com
940,dfoley,%4SjSUP&fYsw,jlane@example.com
941,blam,!4FpqdG8C&3Y,harroyo@example.com
942,johnnyguerrero,&1a$QUqmIKWc,rguerrero@example.net
943,hfields,H2EDDfxs*!@f,thompsonbrandy@example.com
944,landrycolleen,T_QV5mvPyAF1,richard04@example.net
945,shawn65,l6iZ#Tfa_L@7,zwolf@example.org
946,xpearson,M$L)VreoJ90@,hillpatricia@example.com
947,qfitzpatrick,4jA@4s4v#10z,andersonsabrina@example.com
948,joshua88,%EcoZrzIZu6X,james11@example.org
949,murphyjeremy,xc0Sl$KuVs9_,stewartannette@example.org
950,kellyandrew,%Fc7AekUB)Qz,xlawrence@example.com
951,sydney61,(9B^sh6x6vVW,katelynbrown@example.org
952,rlowe,^WuG@t3vN6%Z,ann37@example.net
953,hicksandrew,2zPPQvx7_0iT,wjones@example.net
954,robin72,L**dHhFn&3AD,serranoian@example.net
955,bperez,HeoAKnpb!1(G,kaylagibbs@example.net
956,berryjeremy,zYB1R^ex4Lp&,rrivera@example.net
957,jessicatorres,)1JfTalH$HUF,becky90@example.net
958,medinajesse,w2mywOWj%n1y,knguyen@example.com
959,tracygibbs,a@4OnJag8BQm,ryoung@example.com
960,spencerhowell,T#PdR0NFmqis,youngstanley@example.com
961,joseph60,%uqNW3Ox2zJ0,aprice@example.com
962,benjamin35,U*JBzqcS*+5N,andrefrazier@example.net
963,angela29,_h6MDzpJuj(s,codyskinner@example.org
964,christopher42,FS_CUPMoG50z,ballardbilly@example.org
965,elizabeth05,U_@u9GYm$7UP,georgekenneth@example.net
966,jamescurry,T)6llhTcAUrF,hpierce@example.net
967,randall90,_T6aG5xDz$Nz,jamie22@example.net
968,zsherman,gJm4IRxzT!U3,jerry64@example.com
969,cuevasdavid,HY!0mR)v0T$H,griffithgabriella@example.org
970,cunninghamrobert,rG+yEKIp)B0K,beckrobert@example.net
971,ibrown,up1X_uE9WgB^,dylan76@example.net
972,kingbrandy,*wevn8Asc9Og,lynn10@example.com
973,xthomas,&si8DiiiF@$g,frankdevin@example.com
974,ofuentes,o01mk2UmX#4c,barberkaren@example.com
975,ryanyoung,)TKD!2oAp9yM,gregory94@example.org
976,charles08,igF1&LtUl)!s,onealvalerie@example.com
977,kelliortiz,+CLsUt+5q3pZ,russellmisty@example.net
978,katie67,(cF2nAQeNY*Y,andersondiane@example.com
979,catherinebenton,^80fBvpbJuc7,tracybrown@example.net
980,michaelbowman,g^2r0aElYRfB,williamkelly@example.org
981,xmyers,_bAi^Tr@A5S_,miranda77@example.net
982,kenneth88,%m^2NeYtZM@e,paulaparker@example.com
983,mckinneyhayley,%WQrB$vzjHW2,hamiltonjennifer@example.com
984,stevenvilla,Y$IOO_Lu)81L,hstokes@example.net
985,melaniehardin,j*Kgc^LeTS5u,linda40@example.com
986,melissa86,(^lBRaVSzV1L,janetserrano@example.net
987,bblack,)_wMa+MSuk7g,troy28@example.com
988,joshua79,^eizh@N$3LBO,johnsonaaron@example.net
989,joseph33,J@CNs*oSMG10,ashleygraham@example.com
990,ahardy,1wTydG40)eOL,tammy69@example.com
991,thomasjeremy,pKTe)Jvl!3UZ,ehuerta@example.org
992,eduardofischer,*9NvmYKb_nZN,buckleysherry@example.org
993,davidmitchell,#J7Mnyp%^Lic,jeffrey76@example.net
994,rmendoza,!+794oz_)XXF,leeashley@example.com
995,castrodavid,JNF09DwlWX$g,scott00@example.net
996,nzimmerman,%bFnQIn86o72,christopherrobinson@example.org
997,kphillips,l(1mebHtU35K,ryoder@example.org
998,stephensjoseph,5TDS5@fZ)3ti,tjenkins@example.org
999,taylorstephanie,WIUUPMLz#aY1,jlopez@example.com
